,price
1999-01-10,5.568301004581781
1999-01-17,5.607117067606805
1999-01-24,5.626879180513855
1999-01-31,5.632760876042307
1999-02-07,5.398271976793696
1999-02-14,5.411032118955405
1999-02-21,5.450845702744809
1999-02-28,5.54308661753287
1999-03-07,5.611838266808389
1999-03-14,5.59185132252538
1999-03-21,5.580045249620424
1999-03-28,5.61985254937525
1999-04-04,5.679418401895114
1999-04-11,5.66367919303824
1999-04-18,5.681438837227532
1999-04-25,5.746773090920798
1999-05-02,5.586266484535855
1999-05-09,5.320443822307619
1999-05-16,5.335392683202704
1999-05-23,5.363990420671256
1999-05-30,5.415524613288544
1999-06-06,5.494434888059816
1999-06-13,5.459561136154051
1999-06-20,5.488357064733075
1999-06-27,5.495793830452992
1999-07-04,5.535022041433924
1999-07-11,5.581165957640557
1999-07-18,5.5958344608719965
1999-07-25,5.464459999863023
1999-08-01,5.395224643659246
1999-08-08,5.503567372451714
1999-08-15,5.528016298848259
1999-08-22,5.5755002164027525
1999-08-29,5.633341463284123
1999-09-05,5.558094463305139
1999-09-12,5.589735992094055
1999-09-19,5.688803797700013
1999-09-26,5.648046976286598
1999-10-03,5.561423964358404
1999-10-10,5.521157825433398
1999-10-17,5.477592252001962
1999-10-24,5.470590485697015
1999-10-31,5.746433315794208
1999-11-07,6.644169372152147
1999-11-14,6.711596291393825
1999-11-21,6.739359214755067
1999-11-28,6.827007723228456
1999-12-05,6.920776333499085
1999-12-12,6.834552826467254
1999-12-19,6.886590556141002
1999-12-26,6.881437043673295
2000-01-02,6.909762726403238
2000-01-09,6.763964135958834
2000-01-16,6.787923336323009
2000-01-23,6.890828795646196
2000-01-30,7.000034190478936
2000-02-06,10.659113555836546
2000-02-13,10.59665449606685
2000-02-20,10.586645894697158
2000-02-27,10.53476724831081
2000-03-05,10.776796170918555
2000-03-12,10.855492592854413
2000-03-19,10.786335600753459
2000-03-26,10.761309515481425
2000-04-02,10.870351688547185
2000-04-09,10.878113592068047
2000-04-16,10.906405869279865
2000-04-23,11.052668884114757
2000-04-30,11.452667810226588
2000-05-07,12.281864415544447
2000-05-14,12.244626297864475
2000-05-21,12.343799341543827
2000-05-28,12.164806062547232
2000-06-04,11.847765248853937
2000-06-11,11.618609352393308
2000-06-18,11.556546272745036
2000-06-25,11.674589677515078
2000-07-02,11.670626636113536
2000-07-09,11.635879145971307
2000-07-16,11.738766285398471
2000-07-23,11.864332027045128
2000-07-30,11.842596265904755
2000-08-06,13.447874413531421
2000-08-13,13.49743644972372
2000-08-20,13.456739562448936
2000-08-27,13.61347918521041
2000-09-03,13.721335580140307
2000-09-10,13.92530892713803
2000-09-17,14.193181812117553
2000-09-24,14.124206123669515
2000-10-01,13.939484744416632
2000-10-08,14.013539705637408
2000-10-15,14.134845456582207
2000-10-22,14.460415320400017
2000-10-29,14.709793005177326
2000-11-05,15.377339262351796
2000-11-12,15.551290164251958
2000-11-19,15.65192878363152
2000-11-26,15.876043395831463
2000-12-03,15.516551182927316
2000-12-10,15.097991874791925
2000-12-17,15.111371251263984
2000-12-24,14.717250751924107
2000-12-31,14.44359969366593
2001-01-07,14.148317459390066
2001-01-14,14.122830004566495
2001-01-21,14.25700934284673
2001-01-28,14.482069951684165
2001-02-04,15.127362074794615
2001-02-11,15.514259776757159
2001-02-18,15.708538660616558
2001-02-25,15.829641264244534
2001-03-04,15.538682774507889
2001-03-11,15.441936328555684
2001-03-18,15.861110716955608
2001-03-25,16.086133589702538
2001-04-01,16.23595076921432
2001-04-08,16.131469372870438
2001-04-15,16.2060225506354
2001-04-22,16.203486624706834
2001-04-29,15.998290907350553
2001-05-06,16.31173662572598
2001-05-13,16.470058982222465
2001-05-20,16.546777653480458
2001-05-27,16.846584359901453
2001-06-03,17.07031777459247
2001-06-10,17.132435733132326
2001-06-17,16.96329738027837
2001-06-24,17.017172983834083
2001-07-01,17.018553443568134
2001-07-08,17.2523310771364
2001-07-15,17.023993239263515
2001-07-22,16.742895978575625
2001-07-29,16.61393463779674
2001-08-05,14.941100999726661
2001-08-12,14.56386177768143
2001-08-19,14.18975128469945
2001-08-26,14.122971922424757
2001-09-02,14.14648962423205
2001-09-09,14.413152339848848
2001-09-16,14.157363924639567
2001-09-23,13.96711956590969
2001-09-30,14.07274843584804
2001-10-07,14.071617471094852
2001-10-14,14.168808202497061
2001-10-21,14.280382235010915
2001-10-28,14.470070240808555
2001-11-04,12.793642634366742
2001-11-11,12.343005080598687
2001-11-18,12.497329803737383
2001-11-25,12.568831770916308
2001-12-02,12.478507041733744
2001-12-09,12.408206793500936
2001-12-16,12.339297093520942
2001-12-23,12.314029146561692
2001-12-30,12.551491542970101
2002-01-06,12.289040687507034
2002-01-13,12.319610979525256
2002-01-20,12.416708914683579
2002-01-27,12.545696197928384
2002-02-03,11.76474345905699
2002-02-10,10.947103405937778
2002-02-17,10.909228292106146
2002-02-24,10.908069799705101
2002-03-03,10.970747157447429
2002-03-10,10.889568043718848
2002-03-17,10.823726211921526
2002-03-24,10.811573856390769
2002-03-31,10.899814987668199
2002-04-07,10.837674667708594
2002-04-14,10.828266816455761
2002-04-21,10.741865568563176
2002-04-28,10.657748677781035
2002-05-05,9.778481561854791
2002-05-12,9.58823039187825
2002-05-19,9.585686203944418
2002-05-26,9.48706048122941
2002-06-02,9.364227382219996
2002-06-09,9.2842984505858
2002-06-16,9.239491776226526
2002-06-23,9.130757796820948
2002-06-30,8.842211698188668
2002-07-07,8.927283199428151
2002-07-14,8.847541417412142
2002-07-21,8.647446113107119
2002-07-28,8.741738074129978
2002-08-04,8.786129868606062
2002-08-11,8.83909943817925
2002-08-18,8.762903937275953
2002-08-25,8.823902121205963
2002-09-01,8.768794185358347
2002-09-08,8.67223477006836
2002-09-15,8.788233522424246
2002-09-22,8.8205609298769
2002-09-29,8.77886418897361
2002-10-06,8.760888235665693
2002-10-13,8.782945870628854
2002-10-20,8.833646126357143
2002-10-27,8.853596048936534
2002-11-03,9.229846573017127
2002-11-10,9.451470621551225
2002-11-17,9.424345704971232
2002-11-24,9.443379969298393
2002-12-01,9.559923007548722
2002-12-08,9.504300169810607
2002-12-15,9.340658245067038
2002-12-22,9.248401736163094
2002-12-29,9.184398868145337
2003-01-05,9.188118730309792
2003-01-12,9.167744662958043
2003-01-19,9.060727367252317
2003-01-26,8.944869124136838
2003-02-02,9.327593493748724
2003-02-09,9.94690507842334
2003-02-16,9.980971159764346
2003-02-23,9.975582550214975
2003-03-02,9.976433835069233
2003-03-09,9.801584114513668
2003-03-16,9.857121961145138
2003-03-23,10.131531209903889
2003-03-30,10.044531700732923
2003-04-06,10.033181913363718
2003-04-13,10.097767495523737
2003-04-20,9.959307680868317
2003-04-27,9.86486745893069
2003-05-04,10.601000526843539
2003-05-11,10.706330139740933
2003-05-18,10.609357734168421
2003-05-25,10.412124505993507
2003-06-01,10.33658497825663
2003-06-08,10.383620848300064
2003-06-15,10.401097211436477
2003-06-22,10.425618845494899
2003-06-29,10.638910667097308
2003-07-06,10.640778992984702
2003-07-13,10.779108226105645
2003-07-20,10.87892381347362
2003-07-27,10.698864867486867
2003-08-03,10.850773910496473
2003-08-10,10.864669350711694
2003-08-17,10.929112020257147
2003-08-24,11.191444939187948
2003-08-31,11.312813931800198
2003-09-07,11.318340260375507
2003-09-14,11.038914709879393
2003-09-21,10.92101637072991
2003-09-28,10.730899558887417
2003-10-05,10.582251837474633
2003-10-12,10.479837733685153
2003-10-19,10.600292460123372
2003-10-26,10.505984724745064
2003-11-02,10.540542736316953
2003-11-09,10.714871427149427
2003-11-16,10.544364152645828
2003-11-23,10.347986564869998
2003-11-30,10.32290331091094
2003-12-07,10.184303716616942
2003-12-14,10.037627534742402
2003-12-21,9.933617941364181
2003-12-28,9.899271725567248
2004-01-04,9.76786176551001
2004-01-11,9.668308282674014
2004-01-18,9.72977967353823
2004-01-25,9.738527335589126
2004-02-01,9.687386254787624
2004-02-08,9.228506348633546
2004-02-15,9.056502450776524
2004-02-22,9.084196700766737
2004-02-29,9.254403990845981
2004-03-07,9.443341005281955
2004-03-14,9.417823067671085
2004-03-21,9.396446109891343
2004-03-28,9.473168427754825
2004-04-04,9.437113824933297
2004-04-11,9.567218750408722
2004-04-18,9.673741260757222
2004-04-25,9.716599184436799
2004-05-02,9.829211779400747
2004-05-09,9.839757193754
2004-05-16,10.046783704000863
2004-05-23,9.894132660832245
2004-05-30,9.774869147148276
2004-06-06,9.717109934906635
2004-06-13,9.79832862047336
2004-06-20,9.862241134112404
2004-06-27,9.798885737047613
2004-07-04,9.76228697344018
2004-07-11,9.618404445692544
2004-07-18,9.600028213889697
2004-07-25,9.672995057718367
2004-08-01,10.103192191341382
2004-08-08,10.795825770134684
2004-08-15,10.622153746578022
2004-08-22,10.551715985270642
2004-08-29,10.728422554559064
2004-09-05,10.703355799410255
2004-09-12,10.701850903979047
2004-09-19,10.643289521949683
2004-09-26,10.594810675860435
2004-10-03,10.513386410655368
2004-10-10,10.564787698576293
2004-10-17,10.509709216459282
2004-10-24,10.341644443799307
2004-10-31,10.394607427352549
2004-11-07,11.56325848193616
2004-11-14,11.459601014032021
2004-11-21,11.386851135422209
2004-11-28,11.24404309903409
2004-12-05,11.140367028426102
2004-12-12,11.138768952846647
2004-12-19,11.127263718890886
2004-12-26,11.0002239194046
2005-01-02,10.884811462414126
2005-01-09,11.161655662397033
2005-01-16,11.281123795975105
2005-01-23,11.384920671535667
2005-01-30,11.363104353090069
2005-02-06,13.281523275651551
2005-02-13,13.471932360412225
2005-02-20,13.254794956965682
2005-02-27,13.107648023125682
2005-03-06,13.127995205641398
2005-03-13,12.933997418524788
2005-03-20,12.94791007518428
2005-03-27,13.230554888350676
2005-04-03,13.326233241961821
2005-04-10,13.438807682777508
2005-04-17,13.384021200232263
2005-04-24,13.237453887601584
2005-05-01,13.672049600049288
2005-05-08,14.547586651614395
2005-05-15,14.749078387553121
2005-05-22,14.898397387524225
2005-05-29,14.971495083933686
2005-06-05,15.27499450512326
2005-06-12,15.337601081673037
2005-06-19,15.503942847354796
2005-06-26,15.533568697312003
2005-07-03,15.544278142889405
2005-07-10,15.787949702118222
2005-07-17,15.548934561360964
2005-07-24,15.538835007170084
2005-07-31,15.83943276433501
2005-08-07,16.981910127874762
2005-08-14,16.85079335438467
2005-08-21,17.076223276417362
2005-08-28,17.05134400451837
2005-09-04,16.89414212351154
2005-09-11,16.80344845272457
2005-09-18,17.05388729142584
2005-09-25,17.20609781173012
2005-10-02,17.376194960811777
2005-10-09,17.36714780881401
2005-10-16,17.4107974825538
2005-10-23,17.4516930246256
2005-10-30,17.31471376270555
2005-11-06,19.82301511099585
2005-11-13,20.234896524177604
2005-11-20,20.326193854746798
2005-11-27,20.184643781273344
2005-12-04,20.242697100407533
2005-12-11,20.17994265933491
2005-12-18,19.833552638131668
2005-12-25,19.980391458498108
2006-01-01,20.067064822465433
2006-01-08,19.756554497589793
2006-01-15,19.68273732708358
2006-01-22,19.65268980363008
2006-01-29,19.41791045939384
2006-02-05,21.359105619258592
2006-02-12,21.837008271918425
2006-02-19,22.006987606554247
2006-02-26,21.94869196969488
2006-03-05,21.869512525993006
2006-03-12,21.905944668807688
2006-03-19,21.648501635452302
2006-03-26,21.69166583804864
2006-04-02,21.644735851936797
2006-04-09,21.42679516380179
2006-04-16,21.599577268179196
2006-04-23,21.279488868728272
2006-04-30,21.15915755181627
2006-05-07,21.979626540916307
2006-05-14,21.678410421853624
2006-05-21,21.700285776864465
2006-05-28,21.701434617140567
2006-06-04,21.688193075788252
2006-06-11,21.772025405829726
2006-06-18,22.026494188693384
2006-06-25,22.129910632454447
2006-07-02,22.002959091989847
2006-07-09,21.736985038581075
2006-07-16,21.87010755167316
2006-07-23,22.035134281470643
2006-07-30,21.947963044957692
2006-08-06,22.42198958046458
2006-08-13,22.35499707816739
2006-08-20,22.412292835367115
2006-08-27,22.377573168186768
2006-09-03,22.360271046034605
2006-09-10,22.461506166206643
2006-09-17,22.58201972721093
2006-09-24,22.499092053459783
2006-10-01,22.583930267543735
2006-10-08,22.589187873738037
2006-10-15,22.83441419157057
2006-10-22,22.800357702030393
2006-10-29,22.702047613286975
2006-11-05,23.061872676763844
2006-11-12,23.05370772974365
2006-11-19,23.065896797523322
2006-11-26,22.773540199481875
2006-12-03,22.372300682452256
2006-12-10,22.206355735444227
2006-12-17,22.40985161069064
2006-12-24,22.40609972134671
2006-12-31,22.40207539162863
2007-01-07,22.450684379205722
2007-01-14,22.785635407358715
2007-01-21,22.804406712700093
2007-01-28,22.788887602884163
2007-02-04,22.235094819475087
2007-02-11,22.050874222174766
2007-02-18,21.888676743670175
2007-02-25,21.798683318121675
2007-03-04,21.70786607353702
2007-03-11,21.79757704966523
2007-03-18,21.60463890771217
2007-03-25,21.496133634380275
2007-04-01,21.48650218498613
2007-04-08,21.417065489369634
2007-04-15,21.255745238419205
2007-04-22,21.073218643020507
2007-04-29,21.02508698107772
2007-05-06,19.666856844334067
2007-05-13,19.750302424890517
2007-05-20,19.76798114204337
2007-05-27,19.862127443272037
2007-06-03,19.86555147627705
2007-06-10,19.887033486248857
2007-06-17,20.059423571254133
2007-06-24,19.90547356968179
2007-07-01,19.82385094972931
2007-07-08,19.63771802403688
2007-07-15,19.446360024019196
2007-07-22,19.3682462963763
2007-07-29,19.467155518088322
2007-08-05,19.441520986258638
2007-08-12,19.365048847068383
2007-08-19,19.69317342747033
2007-08-26,19.607519899011532
2007-09-02,19.44704143522366
2007-09-09,19.471768761757428
2007-09-16,19.185731197206845
2007-09-23,19.006862812551553
2007-09-30,18.782500891977815
2007-10-07,18.773829817676187
2007-10-14,18.796524184695166
2007-10-21,18.655363114780283
2007-10-28,18.586383541309623
2007-11-04,19.70088244125161
2007-11-11,19.952933338151404
2007-11-18,19.951284335320615
2007-11-25,19.7527254947591
2007-12-02,19.756860874220525
2007-12-09,19.92229616006445
2007-12-16,19.991513224495566
2007-12-23,20.30689500997649
2007-12-30,20.08857527798589
2008-01-06,19.837758040411106
2008-01-13,19.822208460652003
2008-01-20,19.795892270764817
2008-01-27,19.981224493130014
2008-02-03,21.923165683131515
2008-02-10,23.992392533169156
2008-02-17,23.97547160193573
2008-02-24,23.74383195834293
2008-03-02,23.284583625838007
2008-03-09,22.88867192702366
2008-03-16,22.618145780395828
2008-03-23,22.522381488370286
2008-03-30,22.32675344638908
2008-04-06,22.341971643344753
2008-04-13,22.202058262466895
2008-04-20,22.131756772509025
2008-04-27,22.236073155425178
2008-05-04,25.1412922264359
2008-05-11,26.2841738043316
2008-05-18,26.242479426845172
2008-05-25,25.851420094144487
2008-06-01,26.017382005553134
2008-06-08,26.131281178146057
2008-06-15,26.259434943160862
2008-06-22,26.139104784151886
2008-06-29,25.91952966266866
2008-07-06,25.78287494089926
2008-07-13,25.777460602650088
2008-07-20,25.601708246655058
2008-07-27,25.74694130767538
2008-08-03,29.06579755636496
2008-08-10,31.994248238784845
2008-08-17,33.00802423291702
2008-08-24,33.186569043780466
2008-08-31,33.265463544121715
2008-09-07,34.02760402273419
2008-09-14,34.79260963732252
2008-09-21,34.351443366351525
2008-09-28,33.42614508140228
2008-10-05,34.957414565936084
2008-10-12,35.947221669073095
2008-10-19,36.20837972494304
2008-10-26,38.109616089496114
2008-11-02,40.42124757543854
2008-11-09,42.7293912495944
2008-11-16,43.13329826504465
2008-11-23,43.33665280488406
2008-11-30,42.70676677474318
2008-12-07,43.21513797569002
2008-12-14,41.66995338265644
2008-12-21,39.18680338767545
2008-12-28,39.0554588285404
2009-01-04,39.12859058425606
2009-01-11,40.205266646252916
2009-01-18,41.26815760567159
2009-01-25,42.33568084378135
2009-02-01,42.06346627082173
2009-02-08,42.68431800670879
2009-02-15,42.41538574181323
2009-02-22,43.25020444307459
2009-03-01,41.765414253589256
2009-03-08,39.1437766263794
2009-03-15,38.562881204762284
2009-03-22,37.007050729409286
2009-03-29,36.75097683933945
2009-04-05,30.437349416006466
2009-04-12,29.435870823965523
2009-04-19,29.750054513983685
2009-04-26,29.914394474006265
2009-05-03,25.409294575208342
2009-05-10,21.94950219109716
2009-05-17,21.62328774276051
2009-05-24,21.29353605794853
2009-05-31,20.967973595181512
2009-06-07,20.68796252850092
2009-06-14,20.98045660777512
2009-06-21,21.112116289540158
2009-06-28,20.941218896630257
2009-07-05,20.882954061071135
2009-07-12,21.06587864600737
2009-07-19,20.863743650116128
2009-07-26,20.63583181351047
2009-08-02,18.862457770332473
2009-08-09,16.13119923372148
2009-08-16,16.264858767002725
2009-08-23,16.297436371977824
2009-08-30,16.173235746766398
2009-09-06,14.771801212878188
2009-09-13,14.521589225595175
2009-09-20,14.377259511069955
2009-09-27,14.33133557621092
2009-10-04,14.47279258510258
2009-10-11,14.324892053019992
2009-10-18,14.195881648954085
2009-10-25,14.075566635295145
2009-11-01,14.389763755969097
2009-11-08,14.864544607220283
2009-11-15,14.740837803084816
2009-11-22,14.798596064320352
2009-11-29,14.694189557351777
2009-12-06,14.601200183021168
2009-12-13,14.90936066824368
2009-12-20,15.239030424098692
2009-12-27,15.327096902515539
2010-01-03,15.283608593307024
2010-01-10,15.359417433914475
2010-01-17,15.226553266415118
2010-01-24,15.523134511707527
2010-01-31,16.085672247178476
2010-02-07,18.738312448422736
2010-02-14,18.961931167289205
2010-02-21,19.0621428733077
2010-02-28,19.09325457922433
2010-03-07,19.057397428267574
2010-03-14,18.927868204248025
2010-03-21,18.98606501672472
2010-03-28,19.339214952129872
2010-04-04,19.223697711655255
2010-04-11,19.357786600299793
2010-04-18,19.09661788010323
2010-04-25,19.376383794632684
2010-05-02,20.31607806702913
2010-05-09,22.111623530605367
2010-05-16,22.560593628387668
2010-05-23,22.95899622378704
2010-05-30,23.110908665479425
2010-06-06,22.08286464545944
2010-06-13,22.289411750934732
2010-06-20,21.791333382644655
2010-06-27,21.841547330004875
2010-07-04,22.035774522490012
2010-07-11,21.81527585061141
2010-07-18,21.472984456820974
2010-07-25,21.352857042435915
2010-08-01,21.444466233283585
2010-08-08,21.96536726530382
2010-08-15,22.362869173251095
2010-08-22,22.624057519310693
2010-08-29,22.819645081313006
2010-09-05,22.83687909089729
2010-09-12,22.94694060063074
2010-09-19,22.520625067951187
2010-09-26,21.984747346585994
2010-10-03,21.34981918580238
2010-10-10,20.9206351779006
2010-10-17,20.673171252138268
2010-10-24,20.812678199415547
2010-10-31,20.921350107627518
2010-11-07,20.961553494850158
2010-11-14,21.39394402393956
2010-11-21,21.634895783560257
2010-11-28,22.079217861890715
2010-12-05,22.550551808578778
2010-12-12,22.420895584920768
2010-12-19,22.351051678315905
2010-12-26,22.66841082398789
2011-01-02,22.433055537962225
2011-01-09,22.679850009727172
2011-01-16,22.65232071943513
2011-01-23,22.130819948490707
2011-01-30,21.79024752482516
2011-02-06,22.892137558531594
2011-02-13,23.103236891933715
2011-02-20,23.130286592010552
2011-02-27,22.835395678550068
2011-03-06,22.462780864343923
2011-03-13,22.509368907597857
2011-03-20,22.23730114078658
2011-03-27,22.048437815295696
2011-04-03,22.064793341571832
2011-04-10,21.742152495716926
2011-04-17,21.535957748888666
2011-04-24,21.478165035691575
2011-05-01,21.6971436374345
2011-05-08,23.30343415960792
2011-05-15,23.93217549311641
2011-05-22,24.073115288474202
2011-05-29,24.16535985798458
2011-06-05,23.70243364892229
2011-06-12,23.480568366715882
2011-06-19,23.935872938221895
2011-06-26,23.962889968223347
2011-07-03,23.715391220096283
2011-07-10,23.82620948522825
2011-07-17,24.189414022607657
2011-07-24,23.933071452564185
2011-07-31,24.21588354315258
2011-08-07,26.86541533668597
2011-08-14,26.81819577380684
2011-08-21,26.573431953473754
2011-08-28,26.502656390890163
2011-09-04,26.495289454288955
2011-09-11,27.147781038826178
2011-09-18,27.61211946664278
2011-09-25,28.015986829143326
2011-10-02,27.98222043744416
2011-10-09,28.407816534014696
2011-10-16,27.610235682720344
2011-10-23,27.504408404747668
2011-10-30,27.01945674940973
2011-11-06,29.9664365792414
2011-11-13,30.215784051727812
2011-11-20,30.4851824979982
2011-11-27,30.957677103406752
2011-12-04,30.56775972738442
2011-12-11,30.615662441848723
2011-12-18,31.33154343155146
2011-12-25,31.416297282895414
2012-01-01,31.6505827381364
2012-01-08,32.11987598837829
2012-01-15,32.38959894469219
2012-01-22,32.17319041653759
2012-01-29,31.598437432258375
2012-02-05,31.917282918701122
2012-02-12,31.913737725115904
2012-02-19,32.0212604491202
2012-02-26,31.581809578209523
2012-03-04,31.38255941781419
2012-03-11,31.619905008850164
2012-03-18,31.849249671160106
2012-03-25,31.565850399602205
2012-04-01,31.500042432252712
2012-04-08,32.463672056793534
2012-04-15,32.51035855302804
2012-04-22,32.510557268995065
2012-04-29,32.338045583126856
2012-05-06,32.60680309164411
2012-05-13,33.065365588130916
2012-05-20,33.62585500258009
2012-05-27,33.975767076697764
2012-06-03,34.55295496479003
2012-06-10,34.37199478449068
2012-06-17,34.1531587394151
2012-06-24,34.03021899477926
2012-07-01,34.25518320275724
2012-07-08,34.37161722186154
2012-07-15,35.05863860701782
2012-07-22,35.05518654365965
2012-07-29,35.0734760249747
2012-08-05,32.10941024095752
2012-08-12,31.519552378552984
2012-08-19,31.511965504253872
2012-08-26,31.154714974062244
2012-09-02,30.911070424105947
2012-09-09,30.77443222787681
2012-09-16,30.03925334226391
2012-09-23,29.902459898165244
2012-09-30,30.12744218203224
2012-10-07,29.979149635433355
2012-10-14,29.992127033036606
2012-10-21,29.75208124276836
2012-10-28,29.959810777317415
2012-11-04,30.434457902315103
2012-11-11,31.001685959222293
2012-11-18,30.999011531428227
2012-11-25,30.70747887880692
2012-12-02,30.52471245941008
2012-12-09,30.55270950519258
2012-12-16,30.45761290722092
2012-12-23,30.052459746974137
2012-12-30,30.066575824379488
2013-01-06,30.29117099237487
2013-01-13,30.183452440130356
2013-01-20,29.803543123068412
2013-01-27,29.66400467770751
2013-02-03,28.939530410227157
2013-02-10,28.858451193745214
2013-02-17,29.06234724872071
2013-02-24,29.312205415783183
2013-03-03,29.65440237867433
2013-03-10,29.700901188807453
2013-03-17,29.74454445283141
2013-03-24,29.957807739735436
2013-03-31,30.221180154961854
2013-04-07,30.10769839826205
2013-04-14,29.678744610435395
2013-04-21,29.580049938156943
2013-04-28,29.781031420965206
2013-05-05,30.1850042451141
2013-05-12,30.400618215255207
2013-05-19,30.785292864561963
2013-05-26,30.77283635119718
2013-06-02,30.363703587011607
2013-06-09,29.603330231988682
2013-06-16,29.309610609481727
2013-06-23,29.35068809796346
2013-06-30,29.745915506432574
2013-07-07,29.828600188953967
2013-07-14,29.823056411440636
2013-07-21,29.47634630786089
2013-07-28,29.206949288209014
2013-08-04,28.548747035049267
2013-08-11,28.10304342208622
2013-08-18,28.160534168580835
2013-08-25,28.046579664213848
2013-09-01,28.18764723806397
2013-09-08,28.4486417668444
2013-09-15,28.21154037000273
2013-09-22,27.830364586082247
2013-09-29,27.699049930521003
2013-10-06,27.571327562462226
2013-10-13,27.5868845574943
2013-10-20,27.460559754444894
2013-10-27,27.204180012501812
2013-11-03,27.381104103474936
2013-11-10,27.721442687440142
2013-11-17,27.755917649352575
2013-11-24,27.604728240620496
2013-12-01,27.478290666833765
2013-12-08,27.474215744845566
2013-12-15,27.21348648601719
2013-12-22,27.295799825104304
2013-12-29,27.21370507402612
2014-01-05,27.354908606241672
2014-01-12,27.570275790471516
2014-01-19,27.5512838750174
2014-01-26,27.52803902376407
2014-02-02,27.523549296440684
2014-02-09,27.469537230278917
2014-02-16,27.209575892453532
2014-02-23,27.11889351171254
2014-03-02,26.95845569479917
2014-03-09,26.75229061311677
2014-03-16,26.609407417625643
2014-03-23,26.716823124684858
2014-03-30,26.836545372790088
2014-04-06,26.529771271455893
2014-04-13,26.384658878967794
2014-04-20,26.352676404093614
2014-04-27,26.371971544151133
2014-05-04,26.50597688232008
2014-05-11,26.55825655319264
2014-05-18,26.86433639691336
2014-05-25,26.943851198791503
2014-06-01,26.93151159244757
2014-06-08,26.645835113405703
2014-06-15,26.798683374608938
2014-06-22,26.73806192423667
2014-06-29,26.668394983933158
2014-07-06,26.335489647160745
2014-07-13,26.40141690828513
2014-07-20,26.485436712832097
2014-07-27,26.658372538244425
2014-08-03,25.1494301768939
2014-08-10,23.96639212644774
2014-08-17,23.97967270083343
2014-08-24,24.12032540700374
2014-08-31,24.68424795690993
2014-09-07,27.168819026415495
2014-09-14,27.395495643661885
2014-09-21,27.473185645675603
2014-09-28,27.710972877505608
2014-10-05,28.10334092411706
2014-10-12,28.0706940998163
2014-10-19,27.8461166236832
2014-10-26,27.95050199220601
2014-11-02,28.122545328076114
2014-11-09,28.4927980086427
2014-11-16,28.506056582947394
2014-11-23,28.43824536290805
2014-11-30,28.380724179419328
2014-12-07,28.01579105438935
2014-12-14,27.959291411516055
2014-12-21,28.045610959779726
2014-12-28,28.36045572688408
2015-01-04,29.213446335974634
2015-01-11,30.120907489085578
2015-01-18,30.502846228088803
2015-01-25,31.213544403368093
2015-02-01,30.726143843318447
2015-02-08,28.405494179385908
2015-02-15,28.593629517104382
2015-02-22,28.550992103151398
2015-03-01,28.537462859122364
2015-03-08,28.6420596624819
2015-03-15,29.784946534938985
2015-03-22,29.67096792821852
2015-03-29,29.048661842469922
2015-04-05,29.320408406726663
2015-04-12,29.580858958351786
2015-04-19,29.64910875673407
2015-04-26,29.425294105689368
2015-05-03,25.292611882790762
2015-05-10,22.495380950013033
2015-05-17,22.34289884663006
2015-05-24,22.54061836983643
2015-05-31,23.04267256184686
2015-06-07,22.548291685112222
2015-06-14,22.401306025701746
2015-06-21,22.279520647722315
2015-06-28,22.40382047830556
2015-07-05,22.449179893998572
2015-07-12,22.47892620084782
2015-07-19,22.75665517248345
2015-07-26,22.811417017280064
2015-08-02,21.826894728251286
2015-08-09,20.85252514805023
2015-08-16,20.510973632897464
2015-08-23,20.397647490767582
2015-08-30,20.07278750934319
2015-09-06,20.30365218828282
2015-09-13,20.281255947527963
2015-09-20,20.02971356561781
2015-09-27,20.329508822318626
2015-10-04,19.968391238265365
2015-10-11,19.606136963638562
2015-10-18,19.45561915894236
2015-10-25,19.718190077153277
2015-11-01,19.671205862357432
2015-11-08,18.785285226914908
2015-11-15,19.083715218133424
2015-11-22,19.188503759388336
2015-11-29,19.341114459425686
2015-12-06,18.655561269922153
2015-12-13,18.34750555351336
2015-12-20,18.387023159546377
2015-12-27,18.32133413940864
2016-01-03,18.247006923058148
2016-01-10,18.29922658772236
2016-01-17,18.217717351760154
2016-01-24,18.26356943810961
2016-01-31,17.889661502573045
2016-02-07,15.680023996190291
2016-02-14,15.435503822574324
2016-02-21,15.61588260670644
2016-02-28,15.777875911662838
2016-03-06,14.970001203594816
2016-03-13,14.843550926900049
2016-03-20,14.58662816625637
2016-03-27,14.617440564330508
2016-04-03,13.223968631043235
2016-04-10,12.282456995835416
2016-04-17,12.336684134366132
2016-04-24,12.339112424479882
2016-05-01,12.240681178901886
2016-05-08,11.959540751626587
2016-05-15,12.060757622234101
2016-05-22,12.189079949435325
2016-05-29,12.278356296833053
2016-06-05,12.212945035878759
2016-06-12,12.013321826231039
2016-06-19,12.115814653129107
2016-06-26,12.139524139475187
2016-07-03,12.358151068998012
2016-07-10,12.428189053015853
2016-07-17,12.410468165489482
2016-07-24,12.50622783094987
2016-07-31,12.581660448151249
2016-08-07,13.14029387238932
2016-08-14,13.171570843930464
2016-08-21,12.992722339522627
2016-08-28,12.988734203650424
2016-09-04,13.025503441234576
2016-09-11,12.906655565412137
2016-09-18,12.911153014703306
2016-09-25,12.951418963344903
2016-10-02,12.566224319175229
2016-10-09,12.093329430453936
2016-10-16,12.235858256510634
2016-10-23,12.347471002730801
2016-10-30,12.383302077543425
2016-11-06,12.373360378920191
2016-11-13,12.483245793394614
2016-11-20,12.796848287318353
2016-11-27,12.912790634029877
2016-12-04,14.096202220489328
2016-12-11,14.535908101077183
2016-12-18,14.737327073184872
2016-12-25,14.856849642385649
2017-01-01,15.35380670171555
2017-01-08,16.75661121854066
2017-01-15,16.600045910640812
2017-01-22,16.541948544028095
2017-01-29,16.444164756932228
2017-02-05,19.426760904144622
2017-02-12,20.092808810395333
2017-02-19,20.152771126095537
2017-02-26,20.24617364974417
2017-03-05,19.791665519728628
2017-03-12,19.66531913985258
2017-03-19,19.46597333911281
2017-03-26,19.2829784083123
2017-04-02,17.769231921779454
2017-04-09,15.844196589127739
2017-04-16,15.89259115863737
2017-04-23,15.774473796618791
2017-04-30,15.519607462732804
2017-05-07,15.705641907094927
2017-05-14,15.78357598661421
2017-05-21,15.455965054648587
2017-05-28,15.329467318936281
2017-06-04,15.400494678391123
2017-06-11,15.423317200619667
2017-06-18,15.457325485260116
2017-06-25,15.480611267813183
2017-07-02,15.121411075909835
2017-07-09,14.942399052018263
2017-07-16,14.899126473723333
2017-07-23,14.704955972296078
2017-07-30,14.541787844343116
2017-08-06,14.701546776587687
2017-08-13,14.784026708958796
2017-08-20,14.82019724326398
2017-08-27,14.749595869595414
2017-09-03,15.306785288408873
2017-09-10,15.766459849873685
2017-09-17,15.80258010643855
2017-09-24,15.79650143879388
2017-10-01,16.42125064229334
2017-10-08,17.540679931053624
2017-10-15,17.432052287277187
2017-10-22,17.44470897347521
2017-10-29,17.604142985826517
2017-11-05,17.328830922003796
2017-11-12,17.300053014716237
2017-11-19,17.07706871801941
2017-11-26,17.009067606286376
2017-12-03,18.310481259833185
2017-12-10,19.501629421175245
2017-12-17,19.49671879476937
2017-12-24,19.42136297498151
2017-12-31,19.467690737206055
2018-01-07,20.445260760934982
2018-01-14,20.435459244355474
2018-01-21,20.10437664601857
2018-01-28,19.908907926826167
2018-02-04,18.655728570399614
2018-02-11,18.42461826407872
2018-02-18,18.286839645864017
2018-02-25,18.412203657261426
2018-03-04,20.835058097571135
2018-03-11,21.652829825491406
2018-03-18,21.686584924247324
2018-03-25,21.7036476206662
2018-04-01,22.178088610820588
2018-04-08,23.677063752034428
2018-04-15,23.55192375886598
2018-04-22,23.524460919662285
2018-04-29,23.915197406190504
2018-05-06,20.060491728848053
2018-05-13,20.23675627241135
2018-05-20,20.366469259310776
2018-05-27,20.56189738962203
2018-06-03,21.355892806527486
2018-06-10,21.669289290929118
2018-06-17,21.78005220985744
2018-06-24,21.954338824201415
2018-07-01,21.901891970607135
2018-07-08,21.922980399900588
2018-07-15,21.924026407218214
2018-07-22,21.9743731213103
2018-07-29,21.956313676412428
2018-08-05,22.2921173243472
2018-08-12,22.560778767988918
2018-08-19,22.84958755008892
2018-08-26,22.50888277543384
2018-09-02,22.89840350806974
2018-09-09,23.820261812414174
2018-09-16,23.76652807714573
2018-09-23,23.57409551788336
2018-09-30,24.278255427484734
2018-10-07,28.185708823898715
2018-10-14,28.18851019572399
2018-10-21,28.22228993047349
2018-10-28,28.505803898478256
2018-11-04,26.57525993382451
2018-11-11,25.778230356203668
2018-11-18,25.967474637168586
2018-11-25,25.787944185838114
2018-12-02,25.36878932461313
2018-12-09,24.65159892248385
2018-12-16,24.7088546055823
2018-12-23,24.572323862531636
2018-12-30,24.527109714588992
2019-01-06,23.58040510153672
2019-01-13,23.39887544670693
2019-01-20,23.572059760473344
2019-01-27,23.696555365828285
2019-02-03,22.267179474307515
2019-02-10,21.488691923269673
2019-02-17,21.675474997719384
2019-02-24,21.583874790965535
2019-03-03,19.45912003397755
2019-03-10,18.111176970678464
2019-03-17,18.08044637028984
2019-03-24,18.00920115767772
2019-03-31,17.794317747901037
2019-04-07,15.790342798695173
2019-04-14,15.704107237883992
2019-04-21,15.72599156870305
2019-04-28,15.865565454332224
2019-05-05,15.24067048399551
2019-05-12,15.097668563646081
2019-05-19,15.116212607616507
2019-05-26,15.14979025612428
2019-06-02,14.374630586977162
2019-06-09,13.217877630501109
2019-06-16,13.174860858441916
2019-06-23,13.199315066653813
2019-06-30,12.69599808767938
2019-07-07,10.529221217880286
2019-07-14,10.572962271162112
2019-07-21,10.5840940368428
2019-07-28,10.65791238720259
2019-08-04,10.940448572121847
2019-08-11,10.956229456462383
2019-08-18,11.009360783731092
2019-08-25,11.068832658027086
2019-09-01,10.796838798900353
2019-09-08,10.14695460217877
2019-09-15,10.112252566248605
2019-09-22,10.119927101644391
2019-09-29,10.193057403402296
2019-10-06,9.648971518249741
2019-10-13,9.583986577487723
2019-10-20,9.523806258052616
2019-10-27,9.49092651617855
2019-11-03,9.881360609197236
2019-11-10,10.21643660848918
2019-11-17,10.265950281855217
2019-11-24,10.226050507025873
2019-12-01,11.549243317189342
2019-12-08,14.586660897637776
2019-12-15,14.524097123337269
2019-12-22,14.534183071169165
2019-12-29,14.544926361481862
2020-01-05,13.130601022426758
2020-01-12,12.981823676604282
2020-01-19,12.979710474531913
2020-01-26,13.045429947208921
2020-02-02,12.285756892154007
2020-02-09,11.233635479973302
2020-02-16,11.364639362011
2020-02-23,11.441876946429165
2020-03-01,10.766759936108473
2020-03-08,9.10729803562633
2020-03-15,9.087694534466994
2020-03-22,9.415875813723074
2020-03-29,9.368724168739046
2020-04-05,8.82707654985469
2020-04-12,8.753812116366063
2020-04-19,8.732474497669497
2020-04-26,8.7860803192654
2020-05-03,7.480394855405225
2020-05-10,6.543696248569577
2020-05-17,6.557542651485041
2020-05-24,6.496810451850025
2020-05-31,6.149161669054732
2020-06-07,4.39196131386456
2020-06-14,4.364597547051652
2020-06-21,4.3961825737142615
2020-06-28,4.395924716633699
2020-07-05,4.918481488352406
2020-07-12,4.977734421268487
2020-07-19,4.929449466970287
2020-07-26,4.867633163259754
2020-08-02,4.749032602680323
2020-08-09,4.7100873130034335
2020-08-16,4.712899871607525
2020-08-23,4.6982252385563354
2020-08-30,4.68957815206715
2020-09-06,7.542008035411328
2020-09-13,7.572306852818131
2020-09-20,7.559516580869992
2020-09-27,7.6675410719099935
2020-10-04,10.222552983665937
2020-10-11,11.195117763074862
2020-10-18,11.225939177672291
2020-10-25,11.147451741732343
2020-11-01,12.039102937783538
2020-11-08,13.972670651284213
2020-11-15,13.946136737679195
2020-11-22,13.89430836915447
2020-11-29,13.84078699338119
2020-12-06,13.513100704644758
2020-12-13,13.479854316100049
2020-12-20,13.374911416570635
2020-12-27,13.400449087522913
2021-01-03,14.982892041528055
2021-01-10,17.89
2021-01-17,18.43
2021-01-24,17.35
2021-01-31,17.94
2021-02-07,17.72
2021-02-14,19.13
2021-02-21,17.82
2021-02-28,17.35
2021-03-07,17.71
2021-03-14,18.22
2021-03-21,19.58
2021-03-28,19.47
2021-04-04,19.56
2021-04-11,20.22
2021-04-18,20.54
2021-04-25,21.57
2021-05-02,20.74
2021-05-09,24.49
2021-05-16,25.86
2021-05-23,26.67
2021-05-30,25.04
2021-06-06,25.65
2021-06-13,26.84
2021-06-20,29.0
2021-06-27,29.75
2021-07-04,32.22
2021-07-11,38.05
2021-07-18,34.85
2021-07-25,35.76
2021-08-01,36.95
2021-08-08,41.86
2021-08-15,42.93
2021-08-22,48.18
2021-08-29,42.23
2021-09-05,49.87
2021-09-12,53.16
2021-09-19,61.55
2021-09-26,75.54
2021-10-03,77.18
2021-10-10,96.65
2021-10-17,85.22
2021-10-24,93.93
2021-10-31,88.64
2021-11-07,65.62
2021-11-14,79.07
2021-11-21,79.95
2021-11-28,84.6
2021-12-05,93.45
2021-12-12,89.93
2021-12-19,116.08
2021-12-26,146.93
2022-01-02,107.2
2022-01-09,80.43
2022-01-16,84.61
2022-01-23,77.01
2022-01-30,93.0
